{
  "_id": "AL001",
  "Album_Title": "After Hours",
  "Album_of_Songs": [
    { "Song_Title": "Blinding Lights", "Song_ID": "S001" },
    { "Song_Title": "Save Your Tears", "Song_ID": "S002" },
    { "Song_Title": "Heartless", "Song_ID": "S010" }
  ],
  "Album_Streams": 2900000000,
  "Album_ReleaseDate": "2020-03-20"
}
{
  "_id": "AL002",
  "Album_Title": "Ambient Therapy",
  "Album_of_Songs": [
    { "Song_Title": "Weightless", "Song_ID": "S003" },
    { "Song_Title": "Chill Factor", "Song_ID": "S011" }
  ],
  "Album_Streams": 75000000,
  "Album_ReleaseDate": "2015-05-01"
}
{
  "_id": "AL003",
  "Album_Title": "First Love",
  "Album_of_Songs": [
    { "Song_Title": "River Flows in You", "Song_ID": "S004" },
    { "Song_Title": "Kiss the Rain", "Song_ID": "S012" }
  ],
  "Album_Streams": 300000000,
  "Album_ReleaseDate": "2001-12-01"
}
{
  "_id": "AL004",
  "Album_Title": "Rocky III",
  "Album_of_Songs": [
    { "Song_Title": "Eye of the Tiger", "Song_ID": "S005" },
    { "Song_Title": "Burning Heart", "Song_ID": "S013" }
  ],
  "Album_Streams": 800000000,
  "Album_ReleaseDate": "1982-05-28"
}
{
  "_id": "AL005",
  "Album_Title": "Mad Mad World",
  "Album_of_Songs": [
    { "Song_Title": "Life is a Highway", "Song_ID": "S006" },
    { "Song_Title": "No Regrets", "Song_ID": "S014" }
  ],
  "Album_Streams": 500000000,
  "Album_ReleaseDate": "1991-08-27"
}
{
  "_id": "AL006",
  "Album_Title": "A Star Is Born Soundtrack",
  "Album_of_Songs": [
    { "Song_Title": "Shallow", "Song_ID": "S007" },
    { "Song_Title": "Always Remember Us This Way", "Song_ID": "S015" }
  ],
  "Album_Streams": 2300000000,
  "Album_ReleaseDate": "2018-10-05"
}
{
  "_id": "AL007",
  "Album_Title": "Hollywood's Bleeding",
  "Album_of_Songs": [
    { "Song_Title": "Circles", "Song_ID": "S008" },
    { "Song_Title": "Sunflower", "Song_ID": "S016" }
  ],
  "Album_Streams": 4000000000,
  "Album_ReleaseDate": "2019-09-06"
}
{
  "_id": "AL008",
  "Album_Title": "A Night at the Opera",
  "Album_of_Songs": [
    { "Song_Title": "Bohemian Rhapsody", "Song_ID": "S009" },
    { "Song_Title": "Somebody to Love", "Song_ID": "S017" }
  ],
  "Album_Streams": 3300000000,
  "Album_ReleaseDate": "1975-11-21"
}
