{
  "_id": "AR001",
  "Artist_Name": "The Weeknd",
  "Artist_Desc": "A Canadian singer and songwriter known for his unique sound.",
  "Artist_Follower_Count": 90000000,
  "Artist_Albums": [
    { "Album_ID": "AL001", "Album_Title": "After Hours" }
  ]
}
{
  "_id": "AR002",
  "Artist_Name": "Marconi Union",
  "Artist_Desc": "An ambient music group known for creating the world's most relaxing song.",
  "Artist_Follower_Count": 1000000,
  "Artist_Albums": [
    { "Album_ID": "AL002", "Album_Title": "Ambient Therapy" }
  ]
}
{
  "_id": "AR003",
  "Artist_Name": "Yiruma",
  "Artist_Desc": "A South Korean pianist and composer, famous for his melodic instrumentals.",
  "Artist_Follower_Count": 5000000,
  "Artist_Albums": [
    { "Album_ID": "AL003", "Album_Title": "First Love" }
  ]
}
{
  "_id": "AR004",
  "Artist_Name": "Lady Gaga",
  "Artist_Desc": "An American singer, songwriter, and actress known for her versatility and unique style.",
  "Artist_Follower_Count": 70000000,
  "Artist_Albums": [
    { "Album_ID": "AL006", "Album_Title": "A Star Is Born Soundtrack" }
  ]
}
{
  "_id": "AR005",
  "Artist_Name": "Post Malone",
  "Artist_Desc": "An American rapper, singer, and songwriter known for blending genres.",
  "Artist_Follower_Count": 65000000,
  "Artist_Albums": [
    { "Album_ID": "AL007", "Album_Title": "Hollywood's Bleeding" }
  ]
}
{
  "_id": "AR006",
  "Artist_Name": "Queen",
  "Artist_Desc": "A British rock band known for their groundbreaking and iconic music.",
  "Artist_Follower_Count": 90000000,
  "Artist_Albums": [
    { "Album_ID": "AL008", "Album_Title": "A Night at the Opera" }
  ]
}
{
  "_id": "AR007",
  "Artist_Name": "Survivor",
  "Artist_Desc": "An American rock band known for their hit 'Eye of the Tiger' featured in 'Rocky III'.",
  "Artist_Follower_Count": 1500000,
  "Artist_Albums": [
    { "Album_ID": "AL004", "Album_Title": "Rocky III" }
  ]
}
{
  "_id": "AR008",
  "Artist_Name": "Tom Cochrane",
  "Artist_Desc": "A Canadian singer-songwriter known for his song 'Life is a Highway'.",
  "Artist_Follower_Count": 500000,
  "Artist_Albums": [
    { "Album_ID": "AL005", "Album_Title": "Mad Mad World" }
  ]
}

