{
  "_id": "LB001",
  "Label_Name": "Republic Records",
  "Label_Artists": [
    { "Artist_Name": "The Weeknd", "Artist_ID": "AR001" },
    { "Artist_Name": "Post Malone", "Artist_ID": "AR005" }
  ],
  "Label_CopyrightYear": 1995
}
{
  "_id": "LB002",
  "Label_Name": "Chill Records",
  "Label_Artists": [
    { "Artist_Name": "Marconi Union", "Artist_ID": "AR002" }
  ],
  "Label_CopyrightYear": 2005
}
{
  "_id": "LB003",
  "Label_Name": "Classic Music Co.",
  "Label_Artists": [
    { "Artist_Name": "Yiruma", "Artist_ID": "AR003" }
  ],
  "Label_CopyrightYear": 1990
}
{
  "_id": "LB004",
  "Label_Name": "Interscope Records",
  "Label_Artists": [
    { "Artist_Name": "Lady Gaga", "Artist_ID": "AR004" }
  ],
  "Label_CopyrightYear": 1990
}
{
  "_id": "LB005",
  "Label_Name": "EMI Music",
  "Label_Artists": [
    { "Artist_Name": "Queen", "Artist_ID": "AR006" },
    { "Artist_Name": "Tom Cochrane", "Artist_ID": "AR005" },
    { "Artist_Name": "Survivor", "Artist_ID": "AR007" }
  ],
  "Label_CopyrightYear": 1990
}