[
  {
    "_id": "PL001",
    "Playlist_Name": "Pop Extravaganza",
    "Playlist_Desc": "Dive into the best of pop music with chart-topping hits.",
    "Playlist_DOC": "2024-04-15",
    "Playlist_Maker": "UserA",
    "PlayList_isShuffled": false,
    "Playlist_SongList": [
      { "Song_Title": "Blinding Lights", "Song_ID": "S001" },
      { "Song_Title": "Save Your Tears", "Song_ID": "S002" },
      { "Song_Title": "Shallow", "Song_ID": "S007" },
      { "Song_Title": "Circles", "Song_ID": "S008" },
      { "Song_Title": "Heartless", "Song_ID": "S010" },
      { "Song_Title": "Always Remember Us This Way", "Song_ID": "S015" },
      { "Song_Title": "Sunflower", "Song_ID": "S016" }
    ]
  },
  {
    "_id": "PL002",
    "Playlist_Name": "Rock Classics",
    "Playlist_Desc": "Timeless rock anthems that have stood the test of time.",
    "Playlist_DOC": "2024-05-10",
    "Playlist_Maker": "UserB",
    "PlayList_isShuffled": true,
    "Playlist_SongList": [
      { "Song_Title": "Bohemian Rhapsody", "Song_ID": "S009" },
      { "Song_Title": "Somebody to Love", "Song_ID": "S017" },
      { "Song_Title": "Eye of the Tiger", "Song_ID": "S005" },
      { "Song_Title": "Burning Heart", "Song_ID": "S013" },
      { "Song_Title": "No Regrets", "Song_ID": "S014" }
    ]
  },
  {
    "_id": "PL003",
    "Playlist_Name": "Chill & Ambient",
    "Playlist_Desc": "Relax and unwind with soothing ambient and instrumental tracks.",
    "Playlist_DOC": "2024-06-20",
    "Playlist_Maker": "UserC",
    "PlayList_isShuffled": false,
    "Playlist_SongList": [
      { "Song_Title": "Weightless", "Song_ID": "S003" },
      { "Song_Title": "Chill Factor", "Song_ID": "S011" },
      { "Song_Title": "River Flows in You", "Song_ID": "S004" },
      { "Song_Title": "Kiss the Rain", "Song_ID": "S012" }
    ]
  },
  {
    "_id": "PL004",
    "Playlist_Name": "Motivational Rock",
    "Playlist_Desc": "Get energized and motivated with these powerful rock tracks.",
    "Playlist_DOC": "2024-07-05",
    "Playlist_Maker": "UserD",
    "PlayList_isShuffled": true,
    "Playlist_SongList": [
      { "Song_Title": "Eye of the Tiger", "Song_ID": "S005" },
      { "Song_Title": "Burning Heart", "Song_ID": "S013" },
      { "Song_Title": "Life is a Highway", "Song_ID": "S006" },
      { "Song_Title": "No Regrets", "Song_ID": "S014" }
    ]
  }
]
