AuthorID,Name,Address,PhoneNumber,HomeCountry
1,Melissa Vinson,576-9140 Tellus. Street,(558) 955-9525,New Zealand
2,Briar Mccray,Ap #773-8768 Mi. Ave,1-318-484-8797,South Korea
3,Shafira Mckay,193-3017 Pede. Avenue,(465) 971-4834,China
4,Althea James,6204 Dis Street,1-846-241-3328,Colombia
5,Ebony Hartman,663 Orci Ave,(269) 720-6866,Peru
6,Serena Christian,914-3074 Ut Rd.,1-333-530-9344,Sweden
7,Phelan Gallegos,Ap #619-8313 Ante. Ave,1-419-664-1712,South Africa
8,Rajah Holden,"P.O. Box 302, 4162 Id, Rd.",(347) 320-3831,India
9,Kiara Shelton,Ap #270-9768 Mauris Ave,1-668-356-0532,Colombia
10,Wesley Morales,"P.O. Box 968, 960 A Av.",(290) 376-1453,Indonesia
11,Lewis Boyer,4413 Orci Street,(474) 353-4641,Canada
12,Lee Mcdowell,"P.O. Box 804, 7773 Nullam St.",1-341-565-9453,Australia
13,Nasim Carlson,Ap #684-481 Integer Avenue,(788) 173-1078,India
14,Steel Wyatt,Ap #864-6642 Sem Rd.,1-541-568-3085,Netherlands
15,Deborah Wong,Ap #406-4516 Ut Road,1-785-802-7515,Ukraine
16,Justina Moore,Ap #526-3778 Vitae Rd.,1-780-778-4715,Netherlands
17,Channing Jacobson,204-3354 Dui Av.,(461) 425-6526,Indonesia
18,Curran Pierce,"P.O. Box 207, 4897 Malesuada Ave",1-863-442-6523,New Zealand
19,Katell Bullock,"P.O. Box 377, 1206 Feugiat Street",1-748-913-5217,India
20,Hiram Kelley,"Ap #691-445 Placerat, Av.",1-754-115-2291,South Africa
21,Rooney Barron,252-5041 Quisque Avenue,1-437-527-7021,Peru
22,Chiquita Sparks,2759 Lorem St.,(852) 671-7727,Germany
23,Byron Gardner,276-2597 Vivamus Ave,1-479-236-8318,Chile
24,Leandra Good,5205 Tempus Rd.,1-322-211-5547,Chile
25,Kyle Garner,7312 Egestas Rd.,(279) 790-5611,Italy
26,Ima French,6833 Aliquam Avenue,(800) 659-6461,China
27,Hedy Manning,631-6987 Auctor Av.,1-364-473-3245,Australia
28,Kato Morales,"P.O. Box 772, 9471 Vestibulum, Avenue",(612) 840-1165,France
29,Suki Nielsen,646 Pede. St.,1-681-824-8074,Pakistan
30,Nolan Barker,"P.O. Box 975, 3458 Aliquam Rd.",1-215-716-4867,New Zealand
31,Deacon May,Ap #425-6869 Phasellus Avenue,(662) 814-7468,Brazil
32,Katelyn Abbott,Ap #633-1892 Convallis Rd.,1-572-826-6235,Ukraine
33,Rogan Flores,430-5477 Ipsum Street,1-724-746-5628,Germany
34,Zephr Guerra,Ap #344-2786 Sociis Ave,1-624-188-5882,Australia
35,Tyrone Foster,Ap #932-4870 Donec St.,(250) 720-8782,China
36,Alec Vega,9395 Volutpat. Ave,1-581-458-1284,Italy
37,Quintessa Benjamin,2924 Malesuada Av.,1-514-360-8685,Sweden
38,Lars Roman,"Ap #360-3621 Ut, Road",1-769-156-6183,India
39,Vance Bruce,"Ap #498-4851 Tortor, St.",1-332-605-5626,Mexico
40,Shelley Cooke,3509 Diam. Road,(592) 797-8118,South Korea
41,Laurel Berry,"P.O. Box 880, 2955 Aliquam Street",(987) 756-9336,Vietnam
42,Marsden Hale,Ap #708-3014 Dictum. Rd.,(602) 425-8516,Belgium
43,Fallon Dyer,Ap #139-976 Dictum Av.,(280) 657-7108,Turkey
44,Merrill Fitzpatrick,Ap #154-4635 Semper St.,(632) 734-3895,Pakistan
45,Leroy Chaney,Ap #313-9314 Eget Av.,(757) 226-1963,Spain
46,Lael Lynn,957-6316 Mauris. Road,1-648-910-5718,Russian Federation
47,Clark Mcmahon,Ap #684-2331 Nunc Avenue,1-758-484-2436,Colombia
48,Petra Long,"372-3833 Vulputate, St.",1-413-841-0773,Italy
49,Simon Compton,302-2028 Interdum Av.,(577) 426-4232,Spain
50,Ezra Estrada,5036 Suspendisse Rd.,(230) 522-1654,Belgium
51,Jada Lane,Ap #526-8264 Cras Ave,(416) 486-1772,Nigeria
52,Ira Hensley,708-3592 Hendrerit Street,(296) 711-4686,Austria
53,Kim Mccray,"650-5595 Egestas, Ave",(556) 652-0549,Pakistan
54,Kirk Kramer,"P.O. Box 934, 1939 Ipsum. Rd.",1-352-514-5656,France
55,Amal Barlow,Ap #213-9181 Adipiscing Rd.,(720) 957-7672,Canada
56,Luke Gutierrez,994-8540 Erat Street,1-511-318-1773,Germany
57,Ulla Blackwell,Ap #963-5940 Faucibus. Avenue,(634) 969-1136,Turkey
58,Patience Blair,748-8544 Cubilia Street,(572) 699-7564,South Korea
59,Lee Barber,"Ap #128-2000 Id, Av.",(384) 777-3215,Chile
60,Whitney Bender,418-4910 Iaculis Av.,1-555-829-1595,Sweden
61,Olympia Munoz,"P.O. Box 558, 3535 Cum Avenue",1-650-692-1717,Italy
62,Prescott Gilliam,311-4808 Ante Avenue,(904) 863-4884,Mexico
63,Dustin Garza,"Ap #286-515 Vel, Av.",1-211-287-6732,Canada
64,James Zamora,"P.O. Box 545, 3576 Aliquam Ave",1-853-481-6109,Australia
65,Nevada Osborn,2586 Luctus Rd.,1-625-116-5152,New Zealand
66,Callum Thomas,"P.O. Box 925, 5485 Mattis. Road",(541) 251-7223,Peru
67,Quentin Cameron,671-8300 Proin Ave,(183) 196-2473,South Africa
68,Keelie Calderon,360-3930 Penatibus St.,(687) 557-2405,United Kingdom
69,Eaton Perez,Ap #510-8498 Fusce St.,1-534-678-5668,India
70,Phillip Hobbs,Ap #423-5470 Proin Rd.,1-348-620-2489,Ireland
71,Wing Cooke,4058 Aliquam Avenue,1-273-469-6258,Vietnam
72,Justin Guthrie,"979-1930 Ullamcorper, St.",(666) 595-4762,United Kingdom
73,Aquila Moore,582-6584 Maecenas Road,1-846-682-6758,Germany
74,Dieter Delaney,885-7505 Lacus. Avenue,(622) 731-6022,Ukraine
75,Sylvester Hopper,"P.O. Box 445, 9423 Nibh. Av.",1-632-961-7715,United Kingdom
76,Mariko Rosa,335-254 Nisl. Rd.,(880) 297-4569,Germany
77,Hermione Nash,377-987 Vestibulum St.,1-884-974-3213,Turkey
78,Holmes Gay,Ap #278-1408 Nisl. Rd.,1-704-566-5268,Vietnam
79,Heidi Hammond,6336 Venenatis Rd.,1-999-431-5725,Costa Rica
80,Byron Fitzpatrick,727-1298 Dolor. St.,1-865-331-6742,Colombia
81,Claudia Knight,Ap #865-3238 In Road,(484) 787-6644,Indonesia
82,Rylee Owen,5488 Non Street,(681) 488-5950,Spain
83,Kay Gill,"P.O. Box 205, 8193 Ut St.",(508) 841-5201,India
84,Laith Ward,863-116 Ipsum Rd.,(752) 591-1459,Indonesia
85,Abra Beasley,8534 Mus. Ave,(697) 708-8214,India
86,Winifred Bush,Ap #783-1675 Nisl. Street,1-137-925-7613,Canada
87,Brandon Hendrix,Ap #629-3953 Luctus Avenue,1-841-902-5656,Philippines
88,Addison Gay,Ap #616-8842 Ut Road,1-719-844-3764,Netherlands
89,Colton Walsh,Ap #257-9140 Molestie Road,(403) 718-0553,Germany
90,Anastasia Stout,341-3718 Duis St.,1-567-566-1257,Austria
91,Mary Humphrey,185-3501 Diam. Av.,1-320-258-3362,Indonesia
92,Brenda Andrews,457 Congue Avenue,(751) 132-3798,United States
93,Connor Hart,"Ap #688-5333 Sapien, Ave",(428) 856-1623,India
94,Armando Byrd,"395-8934 Eget, St.",1-710-275-2249,Brazil
95,Fay Morton,868-5248 Nec Avenue,(384) 438-7732,Poland
96,Lyle Mclean,Ap #659-1487 Lobortis. Road,1-813-465-6278,Nigeria
97,Sierra Guerrero,9371 Mi Ave,(618) 622-1334,Indonesia
98,Aaron Lawrence,"562 Enim, Road",(345) 542-1252,Germany
99,Eric Campos,"P.O. Box 703, 4947 Eget Ave",(243) 740-0752,South Africa
100,Andrew Mann,"Ap #145-7791 Est, Street",(477) 931-2972,Pakistan
