BookID,Title,Genre,Publisher,Year,ISBN,Cost
1,Horizon,Coming-of-Age Short Stories Anthology,Books Blue Horizon,3/26/2024 20:15,101,36.13
2,Beyond,Nonfiction Children's,Publishing Starlight House,2/6/2024 13:06,102,42.52
3,Serpent,Literature Classic Paranormal Satire,Books Iron Quill,1/14/2025 3:08,103,46.31
4,Glasswork,Fiction Western,Ember & Oak,6/27/2025 18:47,104,31.97
5,Wanderlust,Fiction,Publications Crimson Crest,5/13/2024 12:10,105,15.99
6,Wanderlust,Graphic Novel Memoir Biography,Publications Crimson Crest,4/9/2025 9:29,106,5.42
7,Whispers,Thriller Romance,Crimson Crest Editions,2/23/2024 22:07,107,42.52
8,Silk,Magical Realism Religious Political,Co Mythos Press,12/30/2023 9:52,108,34.92
9,Shattered,Urban Fantasy Magical Realism,Quill Seastone Press,7/3/2025 14:09,109,48.31
10,Hollow,Fiction Western Urban,Shadowlight Publishers Fable,2/8/2024 23:26,110,10.64
11,Lanternlight,Fiction,Books Shadowlight Publishers,3/25/2025 17:50,111,27.5
12,Bloodline,Short Stories,Publishing Gilded Inkworks,8/17/2024 22:44,112,14.51
13,Horizon,Nonfiction Children's Literature,Starlight House Windfall,6/19/2024 19:15,113,48.31
14,Horizon,Poetry,Quill Seastone Press,9/27/2025 6:35,114,3.82
15,Echoes,Nonfiction Children's Literature,Books Blue Horizon,9/12/2024 21:09,115,34.47
16,Shattered,Science,Everbound Editions Arcadia,4/7/2024 20:02,116,8.45
17,Bloodline,Fantasy Science,Press Everbound Editions,7/31/2025 8:45,117,0.4
18,Silk,Political,Books Sun &,11/26/2023 6:57,118,38.42
19,Beyond,Political Thriller Coming-of-Age Short,Press Ember &,9/30/2025 12:30,119,9.27
20,Silk,Coming-of-Age Short Stories Anthology,Moon Press Everbound,7/17/2025 3:17,120,37.75
21,Winterbound,Novel Memoir,Oak Heritage Books,11/17/2023 1:59,121,40.86
22,Ironveil,Graphic Novel,Books Blue Horizon,8/13/2024 14:58,122,25.96
23,Songbird,Fiction Horror,Quill Seastone Press,1/19/2024 6:56,123,13.09
24,Ironveil,Paranormal Satire Literary,Starlight House Windfall,11/2/2023 22:25,124,28.66
25,Crimson,Poetry,House Windfall Publications,12/24/2023 7:56,125,36.2
26,Horizon,Realism Religious,Horizon House Velvet,8/26/2024 5:47,126,39.12
27,Wanderlust,Thriller Romance,Iron Quill Publishing,7/18/2025 13:44,127,13.25
28,Songbird,Contemporary Crime,Emberstone Books Iron,3/13/2025 7:25,128,19.77
29,Bloodline,Children's Literature Classic,Press Emberstone Books,11/16/2024 12:33,129,34.56
30,Glasswork,Dystopian Adventure Contemporary,Oak Heritage Books,10/22/2025 14:55,130,43.2
31,Sandsong,Literature Classic,Gilded Inkworks Solstice,10/9/2025 6:37,131,21.16
32,Winterbound,Romance Historical Fiction Horror,Books Sun &,3/16/2025 18:39,132,18.46
33,Echoes,Adventure,Publishing Starlight House,2/27/2025 22:20,133,36.31
34,Whispers,Children's Literature,Gilded Inkworks Solstice,12/13/2024 20:31,134,12.79
35,Nightfall,Fantasy Magical,Oak Heritage Books,3/24/2025 20:54,135,46.7
36,Echoes,Stories Anthology Travel,Crest Editions Northbound,7/31/2024 22:18,136,53.68
37,Bloodline,Memoir Biography,Editions Arcadia House,7/27/2024 3:41,137,36.22
38,Echoes,Poetry,Press Ember &,8/2/2024 18:50,138,8.41
39,Horizon,Children's Literature,Blue Horizon House,3/30/2024 13:36,139,8.22
40,Shattered,Thriller Romance Historical,Seastone Press Whispering,5/6/2024 9:53,140,22.55
41,Grove,Paranormal Satire Literary,Blue Horizon House,9/13/2025 6:09,141,33.07
42,Serpent,Western Urban Fantasy Magical,Shadowlight Publishers Fable,7/24/2024 5:04,142,36.68
43,Hollow,Classic Paranormal Satire Literary,Velvet Quill Seastone,8/1/2025 6:48,143,43.5
44,Silk,Thriller Coming-of-Age,Path Books Blue,6/3/2025 14:58,144,14.84
45,Silk,Children's,Press Everbound Editions,9/10/2024 5:31,145,24.63
46,Hollow,Romance Historical,& Moon Press,11/12/2023 13:34,146,17.94
47,Ember,Science Fiction Mystery,House Velvet Quill,12/30/2023 2:36,147,32.66
48,Alchemy,Fiction Western,Press Lantern Path,8/15/2024 5:11,148,2.9
49,Lanternlight,Literary,Iron Quill Publishing,8/9/2025 3:16,149,14.15
50,Ironveil,Political Thriller,Quill Seastone Press,12/5/2024 18:23,150,39.56
51,Beyond,Thriller Romance,Ember & Oak,10/21/2024 5:04,151,17.77
52,Eternity,Historical Fiction Horror,Books Blue Horizon,6/24/2025 13:54,152,37.68
53,Horizon,Adult Dystopian Adventure,Moon Press Everbound,10/7/2024 14:45,153,30.35
54,Silk,Political Thriller Coming-of-Age,Press Ember &,7/29/2025 23:06,154,3.67
55,Wanderlust,Memoir,& Moon Press,12/8/2023 3:05,155,27.03
56,Nightfall,Paranormal Satire Literary,Publishing Gilded Inkworks,1/25/2024 9:34,156,35.66
57,Hollow,Memoir Biography,Publishers Fable &,9/30/2025 20:42,157,28.58
58,Serpent,Classic Paranormal Satire Literary,Press Emberstone Books,3/27/2024 10:23,158,43.93
59,Sandsong,Fiction Western Urban Fantasy,Press Lantern Path,2/1/2025 2:33,159,52.04
60,Winterbound,Paranormal Satire Literary,Northbound Publishing Gilded,6/13/2025 17:03,160,23.85
61,Kingdom,Mystery Thriller Romance Historical,Press Emberstone Books,9/29/2024 1:25,161,45.2
62,Threads,Fiction Horror,Crest Editions Northbound,5/7/2024 0:49,162,47.63
63,Symphony,Coming-of-Age,Moon Press Everbound,2/4/2024 14:34,163,28.04
64,Echoes,Contemporary Crime,Ember & Oak,1/3/2025 22:32,164,37.01
65,Nightfall,Young Adult Dystopian,Crimson Crest Editions,4/23/2025 12:00,165,6.78
66,Shattered,Science Fiction Mystery Thriller,Publishing Gilded Inkworks,1/2/2024 4:52,166,17.64
67,Songbird,Poetry Nonfiction Children's,Publishing Starlight House,8/11/2024 18:58,167,18.84
68,Winterbound,Stories Anthology Travel,& Oak Heritage,4/16/2024 1:37,168,10.38
69,Ironveil,Crime Graphic Novel,Northbound Publishing Gilded,2/2/2025 15:34,169,18.95
70,Crimson,Thriller Coming-of-Age Short Stories,Oak Heritage Books,2/28/2025 2:30,170,5.26
71,Ironveil,Memoir Biography,Ashgrove Books Sun,7/5/2024 15:16,171,16.87
72,Crimson,Adult Dystopian Adventure,Crimson Crest Editions,3/26/2025 23:50,172,19.03
73,Symphony,Novel Memoir,Publishers Fable &,7/16/2025 7:18,173,23.58
74,Serpent,Crime Graphic,Blue Horizon House,9/10/2024 19:07,174,25.67
75,Winterbound,Travel,Everbound Editions Arcadia,10/27/2025 18:04,175,49.93
76,Crimson,Horror Young,Riverbend Press Ember,1/16/2025 12:41,176,46.42
77,Shadowfall,Nonfiction Children's,Emberstone Books Iron,6/24/2024 11:00,177,24.13
78,Kingdom,Realism Religious,Editions Northbound Publishing,6/6/2025 22:51,178,0.2
79,Winterbound,Paranormal Satire Literary,Northbound Publishing Gilded,2/21/2025 5:37,179,33.49
80,Symphony,Nonfiction Children's,Crest Editions Northbound,7/15/2025 8:47,180,39.36
81,Winterbound,Historical,Silverwood Press Emberstone,7/30/2024 5:28,181,27.16
82,Grove,Self-Help Poetry,Co Mythos Press,2/16/2025 18:35,182,48.14
83,Eternity,Western Urban,Editions Northbound Publishing,2/3/2024 18:03,183,53.26
84,Bloodline,Biography Self-Help Poetry,Solstice Press Ashgrove,7/10/2025 11:32,184,30.96
85,Bloodline,Romance Historical Fiction,Editions Arcadia House,10/29/2024 20:43,185,39.16
86,Symphony,Fiction Mystery Thriller Romance,Books Shadowlight Publishers,7/6/2024 9:08,186,38.88
87,Winterbound,Dystopian Adventure,Books Iron Quill,4/2/2024 19:03,187,34.86
88,Realm,Romance Historical Fiction,Press Whispering Pines,4/10/2024 10:55,188,35
89,Bloodline,Magical Realism,& Moon Press,2/24/2024 9:13,189,26.29
90,Songbird,Political Thriller,Fable & Co,10/30/2023 17:51,190,52.14
91,Realm,Realism Religious,Press Emberstone Books,8/20/2025 23:42,191,46.3
92,Hollow,Historical Fiction Horror Young,Inkworks Solstice Press,6/2/2024 21:53,192,36.05
93,Songbird,Romance Historical,Starlight House Windfall,2/12/2024 15:53,193,28.17
94,Serpent,Novel Memoir Biography,Ashgrove Books Sun,3/21/2025 17:42,194,16.19
95,Beyond,Young Adult,Ember & Oak,12/7/2023 12:20,195,48.41
96,Crimson,Thriller Coming-of-Age Short,Windfall Publications Crimson,3/30/2024 5:11,196,48.43
97,Shattered,Satire,House Velvet Quill,11/11/2023 10:57,197,42.67
98,Crimson,Graphic,& Co Mythos,2/14/2024 0:15,198,36.81
99,Sandsong,Adventure Contemporary,& Oak Heritage,1/10/2025 18:45,199,23.55
100,Kingdom,Fiction Mystery Thriller,Co Mythos Press,3/10/2024 5:21,200,1.16
