AddressId,StreetAddress,City,State,ZipCode,Type
1,"P.O. Box 957, 1815 Semper Road",Narvik,Balochistan,996589,Billing
2,Ap #831-3918 Aenean Road,Maranguape,Lima,81347-771,Shipping
3,5284 Lorem St.,Jammu,Mecklenburg-Vorpommern,53528,Billing
4,"7552 Nec, Avenue",Alcalá de Henares,Utrecht,67885,Shipping
5,"P.O. Box 512, 7673 Convallis Rd.",Hulst,Rio de Janeiro,62-452,Shipping
6,"P.O. Box 395, 3399 Aliquam St.",Jambi,Jammu and Kashmir,56470,Shipping
7,845-9697 Sit Rd.,Ceyhan,Vlaams-Brabant,52699,Shipping
8,924-5395 Eget Rd.,Beijing,Limón,6284 TT,Billing
9,8032 Nulla Ave,Bridlington,Gyeonggi,1462,Billing
10,"Ap #627-2543 Non, Street",Bắc Giang,Murcia,51707,Shipping
11,Ap #821-8573 Imperdiet Ave,Chitral,Maharastra,87-93,Billing
12,Ap #856-1242 Neque St.,Nieuwegein,Friesland,n7E 0V2,Shipping
13,Ap #890-4758 Ipsum Rd.,Cao Phong,Burgenland,607826,Shipping
14,Ap #505-5207 Mauris St.,Worthing,Burgenland,88-95,Shipping
15,875-2713 Posuere Rd.,Cork,Zeeland,93074,Shipping
16,Ap #893-8250 Mauris Rd.,Calapan,Osun,J6Y 3P5,Shipping
17,2555 Sit Av.,Uzhhorod,Ceará,95713-74439,Billing
18,"Ap #540-3673 Posuere, St.",Bielefeld,North-East Region,66890,Billing
19,Ap #597-6609 Donec Rd.,Florencia,Yukon,881586,Shipping
20,790-2514 Erat Ave,Creil,Vorarlberg,40075,Billing
21,Ap #520-9012 Morbi Rd.,Nelspruit,Zeeland,H57 2MU,Billing
22,"Ap #685-7431 Luctus, St.",Jerez de la Frontera,Vlaams-Brabant,767186,Shipping
23,541-7861 Tincidunt St.,Puntarenas,Hamburg,12104,Billing
24,1945 Et St.,Kollam,Hertfordshire,96647-875,Billing
25,Ap #338-9619 Ac Ave,Tarma,Newfoundland and Labrador,2316,Shipping
