CustomerID,FirstName,LastName,EmailAddress,PhoneNumber,AccountCreationDate,CustomerLoyaltyPoints
100,Heidi,Santos,eleifend.cras.sed@outlook.couk,(337) 533-3835,2024-07-23 02:43:07,142
101,Wade,Christian,vulputate@yahoo.net,1-762-655-3173,2024-04-02 10:09:58,3736
102,Chastity,Howe,turpis.vitae.purus@outlook.org,1-221-968-3680,2024-03-18 01:10:47,3750
103,Thomas,Zamora,elit@google.net,1-483-278-5423,2024-02-19 16:20:21,7872
104,Brianna,Cochran,id.magna@icloud.edu,1-519-674-7327,2025-09-16 05:00:02,4636
105,Ori,Jones,praesent@yahoo.com,1-740-572-5062,2025-09-30 12:26:37,153
106,Travis,Baird,ornare.lectus@protonmail.org,1-419-265-5276,2025-01-04 17:44:16,5963
107,Kenyon,Medina,libero.lacus@icloud.ca,1-565-333-6937,2025-10-09 01:03:57,57
108,Jemima,Potts,penatibus@aol.com,1-897-510-8308,2025-09-05 11:07:30,7305
109,Valentine,Mcclure,dictum.eleifend.nunc@yahoo.net,1-178-278-9637,2024-06-15 16:14:04,5935
110,Sigourney,Mayer,tempor.arcu.vestibulum@aol.couk,(672) 326-8687,2024-04-30 14:50:12,255
111,Colby,Mayer,arcu.vestibulum@outlook.net,(890) 968-7221,2024-04-20 19:38:46,2356
112,Colin,Ayers,proin.eget@google.couk,1-871-272-5589,2025-07-16 03:17:34,1757
113,Kareem,Gilbert,et.commodo.at@outlook.edu,1-811-273-9617,2024-05-01 22:53:22,6058
114,Rina,Kramer,adipiscing.mauris.molestie@google.edu,1-181-357-1646,2023-11-30 21:03:49,3348
115,Alexander,Ramsey,ultrices.vivamus@yahoo.com,1-607-481-0356,2024-03-14 06:17:06,5147
116,Adena,Leonard,ac.mattis@icloud.couk,1-656-512-6545,2024-10-01 18:25:45,1804
117,Ira,Dalton,dolor.vitae@aol.org,(331) 423-5146,2025-10-06 02:16:04,2217
118,Evangeline,Watts,ut@icloud.edu,1-741-888-5254,2025-05-21 20:44:50,7705
119,Travis,Hayes,mauris.integer@protonmail.edu,1-924-904-6551,2023-10-22 20:38:20,9042
120,Acton,Castillo,arcu.et@outlook.couk,(712) 734-0203,2025-06-19 20:36:15,6729
121,Boris,Koch,adipiscing.elit.etiam@hotmail.edu,(852) 487-3784,2025-06-06 02:16:44,9523
122,Beverly,Fernandez,est.mollis.non@yahoo.edu,1-438-237-3424,2023-11-12 13:35:41,5523
123,Ariel,Chase,molestie@google.com,(966) 550-9652,2024-08-21 10:47:58,345
124,Colt,Cross,sed.nunc@protonmail.edu,1-211-887-3627,2025-09-02 12:56:53,267
