DepartmentID,DepartmentName,Location,Budget,PhoneNumber
1,Technician,Palma de Mallorca,3615.54,1-926-875-5093
2,Coordinator,Yishun,9531.21,1-712-557-1838
3,Architect,Ibagué,4907.23,(605) 144-1231
4,Administrator,Trà Vinh,6423.85,1-889-852-8666
5,Coordinator,Berwick,9222.55,1-547-458-5437
6,Technician,Guápiles,7094.08,1-371-793-2952
7,Developer,Smila,8973.48,1-700-889-2936
8,Specialist,Juneau,8516.31,(645) 392-1374
9,Supervisor,Merrickville-Wolford,9128.28,1-862-415-5123
10,Engineer,Norrköping,3719.39,(475) 242-4744
11,Consultant,Turrialba,5214.64,1-383-268-3432
12,Coordinator,Pietermaritzburg,9317.51,(355) 787-5368
13,Assistant,Curon Venosta/Graun im Vinschgau,2505.61,(145) 217-0522
14,Developer,Liberia,1658.74,1-721-257-9442
15,Supervisor,Kansas City,3870.55,1-470-851-4576
16,Manager,San Vicente de Cañete,6629.87,(344) 712-0126
17,Assistant,Lamitan,7033.43,1-774-644-5466
18,Developer,Teodoro Schmidt,408.78,1-925-523-3666
19,Officer,Zwolle,8345.32,(873) 362-6297
20,Specialist,Joinville,633.88,(415) 361-0171
21,Administrator,Thabazimbi,1687.58,1-827-923-8251
22,Designer,Clovenfords,2534.44,(263) 216-4824
23,Supervisor,Gävle,5422.13,1-338-683-5419
24,Technician,Rzeszów,8252.29,1-822-432-4682
25,Developer,Trollhättan,5407.86,(488) 606-0435
