EmployeeID,FirstName,LastName,PositionTitle,DateOfHire,Salary,EmailAddress,WorkLocation,DepartmentID,ManagerID
1,Kaye,Curtis,Specialist,2025-04-25 13:48:58,29071.38,viverra.donec@hotmail.org,"1963 Et, Rd.",1,1
2,Hedwig,Tanner,Planner,2025-02-01 01:11:41,94445.94,habitant.morbi@outlook.org,150-623 Viverra. Ave,2,2
3,Darryl,Patel,Administrator,2025-04-18 03:18:32,87985.82,nunc@outlook.couk,549-8659 Mauris Ave,3,3
4,Ivana,Levine,Assistant,2024-11-16 20:05:13,31969.41,luctus.ipsum@icloud.com,Ap #251-7258 Duis Avenue,4,4
5,Ulric,Hampton,Assistant,2023-12-24 23:59:02,4696.88,ac.mattis@outlook.net,395-4127 Mi Ave,5,5
6,Jakeem,Williams,Coordinator,2025-08-29 16:33:14,11307.63,lorem@protonmail.org,9391 Magnis Ave,6,6
7,Robert,Chavez,Consultant,2023-10-11 19:01:56,35423.36,facilisis.eget.ipsum@hotmail.ca,Ap #561-4545 Erat. Av.,7,7
8,Madeline,Moreno,Technician,2025-06-09 09:22:28,53462.27,nam.tempor@hotmail.edu,Ap #440-5494 Enim. Avenue,8,8
9,Arsenio,Potts,Administrator,2025-03-26 00:13:03,14095.76,felis.purus@google.couk,Ap #794-811 Tempor Street,9,9
10,Gil,Morgan,Specialist,2025-01-09 01:34:32,4031.32,arcu.curabitur.ut@google.net,"P.O. Box 626, 7150 Ridiculus St.",10,10
11,Randall,Beasley,Architect,2024-11-02 03:11:12,75894.86,et@yahoo.ca,"Ap #135-6378 Non, Rd.",11,11
12,Roth,Patton,Assistant,2024-01-27 15:32:58,17337.35,pharetra.nam@icloud.net,Ap #916-8598 Neque Road,12,12
13,Ulla,Miller,Designer,2025-09-03 09:22:29,20406.32,phasellus@yahoo.net,Ap #788-4728 A Road,13,13
14,Brennan,Mcmahon,Specialist,2024-06-19 19:51:42,68388.19,dapibus@outlook.ca,"P.O. Box 514, 6880 Tortor Rd.",14,14
15,Maya,Adams,Developer,2025-01-25 15:03:45,15928.63,facilisi.sed.neque@protonmail.ca,490-5004 Ut St.,15,15
16,Nerea,Ellison,Administrator,2024-09-07 01:01:36,46621.27,id@google.org,Ap #475-7524 Egestas St.,16,16
17,Ariel,Rivera,Director,2025-03-29 05:04:06,22924.83,euismod.est.arcu@protonmail.org,"193-1074 Amet, Rd.",17,17
18,Rama,Wolfe,Analyst,2024-03-24 03:28:17,40132.78,blandit.enim.consequat@aol.ca,610-5229 Cubilia Rd.,18,18
19,Reese,Richmond,Specialist,2024-09-16 22:45:36,79400.37,cum.sociis@google.ca,Ap #524-2936 Lobortis Road,19,19
20,Anthony,Hughes,Analyst,2025-07-11 02:17:17,88610.21,commodo.auctor@icloud.net,Ap #200-9680 Lacus Rd.,20,20
21,Steel,Boone,Specialist,2024-02-15 16:39:46,90759.47,laoreet.ipsum.curabitur@aol.ca,"P.O. Box 886, 3487 Ipsum. Road",21,21
22,Portia,Noel,Designer,2025-08-25 22:36:14,20687.30,ac.facilisis.facilisis@hotmail.ca,Ap #508-6693 Magna. Av.,22,22
23,Jana,Mcclure,Supervisor,2025-03-07 22:40:15,93951.31,vulputate.velit.eu@outlook.org,Ap #935-7038 Primis St.,23,23
24,Drake,Jordan,Supervisor,2025-08-21 02:55:54,70264.50,sodales.at@outlook.org,"671-4489 Ornare, St.",24,24
25,David,Perez,Technician,2024-10-26 20:49:23,64794.21,metus.eu.erat@aol.couk,Ap #753-9219 Sed Road,25,25
