ManagerID,FirstName,LastName,EmailAddress,PhoneNumber,DepartmentID
1,Delilah,Sampson,dapibus@google.com,1-817-566-8217,1
2,Lane,Hubbard,molestie.sodales.mauris@protonmail.edu,1-372-426-7887,2
3,Slade,Morrow,nec@hotmail.net,(242) 624-8258,3
4,Marah,Kidd,eu.arcu.morbi@yahoo.ca,(106) 303-7047,4
5,Priscilla,Sims,erat.sed@protonmail.edu,(715) 252-1805,5
6,Denton,Hogan,auctor@aol.ca,1-711-552-2546,6
7,Juliet,Spears,magnis.dis.parturient@outlook.com,1-244-964-5451,7
8,Alisa,Bell,gravida@aol.com,(564) 648-1394,8
9,Nyssa,Chambers,feugiat@aol.net,(889) 585-7228,9
10,Juliet,Cantrell,arcu.sed@icloud.ca,1-447-858-4701,10
11,Sage,Beck,consequat@yahoo.couk,(918) 977-3955,11
12,Malik,Mcfadden,habitant.morbi@aol.com,(952) 358-0124,12
13,Fulton,Ryan,sed.dui.fusce@hotmail.couk,(976) 712-1187,13
14,Oleg,Wallace,blandit.viverra@outlook.couk,1-619-561-1543,14
15,Indira,Hebert,magnis.dis@google.ca,(282) 474-1876,15
16,Andrew,Ford,penatibus.et.magnis@yahoo.com,1-425-569-3159,16
17,Simone,Vinson,purus@protonmail.edu,(551) 686-6363,17
18,Amal,Dixon,nam@google.couk,1-503-916-1854,18
19,Erasmus,Cohen,varius.ultrices@outlook.couk,1-434-126-3217,19
20,Daria,York,risus.duis@hotmail.com,1-645-441-7560,20
21,Janna,Everett,sollicitudin.adipiscing@google.org,1-697-315-2754,21
22,Cameron,Allison,vulputate.eu.odio@icloud.couk,(843) 570-1283,22
23,Janna,Andrews,nulla.facilisis.suspendisse@protonmail.org,1-104-628-3563,23
24,Adrian,Johns,sit.amet@outlook.org,1-977-716-8528,24
25,Nathaniel,Crawford,sed@hotmail.net,1-774-567-0588,25
