ProductID,ProductName,Category,Price,QuantityINStock,SupplierID
10000,mauris,Maecenas,54.41,175,100
10001,malesuada,eu,54.08,14,101
10002,tellus,"semper,",39.14,141,102
10003,turpis,id,40.48,177,103
10004,Nunc,sit,6.84,294,104
10005,lacinia,ante,97.39,232,105
10006,luctus,"vel,",88.83,265,106
10007,posuere,Aliquam,16.27,440,107
10008,odio.,magna.,68.28,368,108
10009,mi,"tincidunt,",89.39,249,109
10010,Nulla,et,90.89,283,110
10011,turpis,quam,47.38,137,111
10012,Sed,velit.,10.41,282,112
10013,"lacus,",vitae,31.63,17,113
10014,Curabitur,lorem,93.06,60,114
10015,egestas.,laoreet,56.49,265,115
10016,dolor,rutrum,10.81,324,116
10017,Quisque,"sapien,",31.26,98,117
10018,Ut,et,88.14,189,118
10019,"et,",Nunc,5.71,302,119
10020,mollis,et,12.17,84,120
10021,Duis,"ante,",48.62,428,121
10022,fermentum,nonummy,30.94,198,122
10023,ornare,libero,3.73,210,123
10024,augue,magnis,62.81,114,124
