idSipplierID,SupplierName,ContactPerson,EmailAddress,PhoneNumber,Address
100,Blandit Mattis Corp.,Dane Barrett,augue.scelerisque@protonmail.couk,(865) 473-7055,888-3098 Natoque Ave
101,In Tempus Eu Associates,Charles Stevens,pede.suspendisse.dui@aol.edu,(554) 682-7592,9177 Turpis Street
102,Arcu Morbi Consulting,Orli Petersen,non@outlook.edu,1-706-542-4184,"P.O. Box 193, 6158 Donec Rd."
103,Ad Litora LLC,Gareth Rowland,facilisis.lorem@hotmail.com,1-665-657-3268,Ap #526-9880 Semper Rd.
104,Elit Pellentesque Foundation,Ross Logan,feugiat.placerat@protonmail.org,(862) 698-0878,Ap #829-8569 Libero. Rd.
105,Orci Associates,Bethany Rodriguez,lobortis.augue@google.net,1-298-745-3782,Ap #438-8427 Nunc St.
106,Convallis Convallis Dolor Foundation,Hoyt Franco,integer.vitae@aol.net,1-429-628-2291,"P.O. Box 346, 9966 Aliquam, Street"
107,Tempor Est Industries,Mannix Juarez,aliquam.fringilla@aol.edu,(847) 768-8249,334-1206 Imperdiet Rd.
108,Malesuada Integer Corporation,Graham Osborn,vivamus.sit.amet@google.couk,1-301-701-9838,194-7594 Nibh Rd.
109,Commodo Hendrerit Donec Incorporated,Macon Tucker,hendrerit@google.org,(531) 367-6247,960-5867 Nec Rd.
110,Fames Ac LLC,Chelsea Moreno,justo@google.couk,1-238-665-1753,3436 Accumsan Ave
111,Dui Cras PC,Shana Cherry,volutpat.nulla@hotmail.couk,(862) 316-8915,4247 Malesuada Ave
112,Dolor Nonummy LLC,Erich Ortega,erat.eget@outlook.edu,(671) 573-7742,Ap #730-718 Mus. Rd.
113,Cursus Luctus Foundation,Kaitlin Underwood,augue.ut@hotmail.org,1-432-701-6775,854-9026 Fringilla Ave
114,Feugiat Sed Nec PC,Curran Petty,ad@outlook.couk,1-334-705-9722,1528 Gravida Avenue
115,Enim Consequat Limited,Emerson Klein,arcu.et.pede@aol.com,1-685-421-8815,626 Risus. St.
116,Integer Incorporated,David Cummings,semper.auctor@icloud.com,(830) 437-7550,511-2438 Feugiat Av.
117,Molestie Associates,Yuli Fitzgerald,eros.non.enim@google.couk,1-673-326-8442,"3816 Vitae, Street"
118,Ullamcorper Magna Sed Incorporated,Paul Smith,elit@protonmail.ca,1-393-764-4964,"P.O. Box 510, 446 Gravida Road"
119,Arcu Curabitur Ut Industries,Victor Contreras,in.tincidunt@yahoo.net,1-798-378-6603,"P.O. Box 437, 1935 Sit Rd."
120,Dictum Eu Associates,Asher Aguirre,neque.sed@outlook.com,1-962-216-5587,"734-3719 A, St."
121,Phasellus In Limited,Alden Burks,imperdiet.ullamcorper.duis@google.com,(425) 230-5754,Ap #658-602 Curabitur Rd.
122,Diam Consulting,Jared Matthews,tincidunt.congue@google.edu,(524) 268-9255,Ap #549-1973 Eget Ave
123,Vivamus Institute,Noah Raymond,vitae.nibh.donec@yahoo.couk,(327) 247-2343,Ap #284-3997 Pede Rd.
124,Odio Nam Interdum Corporation,Julian Solomon,nec.eleifend@yahoo.ca,(342) 345-3922,"P.O. Box 620, 8230 Libero Road"
